[{"name":"headerBackgroundColor","type":"color","label":"Header Background Color","scope":"CREATIVE","defaultScope":"creative","value":"#ffffff","defaultValue":"#ffffff","visible":true},{"name":"backgroundColor","type":"color","label":"Background Color","scope":"CREATIVE","defaultScope":"creative","value":"#ffffff","defaultValue":"#ffffff","visible":true},{"name":"transparentBackgroundColor","type":"color","label":"Transparent Background Color","scope":"CREATIVE","defaultScope":"creative","value":"rgba(0,0,0,.2)","defaultValue":"rgba(0,0,0,.2)","visible":true},{"name":"bodyFontFamilyUrl","type":"text","label":"Body Google Font Family URL (400 Font Weight)","scope":"CAMPAIGN","defaultScope":"campaign","value":"https://fonts.googleapis.com/css?family=Open+Sans","defaultValue":"https://fonts.googleapis.com/css?family=Open+Sans","visible":false},{"name":"headerFontFamilyUrl","type":"text","label":"Header Google Font Family URL (700 Font Weight)","scope":"CAMPAIGN","defaultScope":"campaign","value":"https://fonts.googleapis.com/css?family=Roboto+Slab:700","defaultValue":"https://fonts.googleapis.com/css?family=Roboto+Slab:700","visible":false},{"name":"bodyFontFamily","type":"text","label":"Body Font Family","scope":"CAMPAIGN","defaultScope":"campaign","value":"'Open Sans', Arial, sans-serif","defaultValue":"'Open Sans', Arial, sans-serif","visible":false},{"name":"headerFontFamily","type":"text","label":"Header Font Family","scope":"CAMPAIGN","defaultScope":"campaign","value":"'Roboto Slab', Georgia, serif","defaultValue":"'Roboto Slab', Georgia, serif","visible":false},{"name":"title","type":"text","label":"Title","scope":"CREATIVE","defaultScope":"creative","value":"{{ companyName }} Referral Program","defaultValue":"{{ companyName }} Referral Program","tags":["TRANSLATABLE"],"visible":true},{"name":"displayEmbeddedStats","type":"switch","label":"Display Embedded Stats (instead of Share Experience)","scope":"CREATIVE","defaultScope":"creative","value":false,"defaultValue":false,"visible":true},{"name":"brandImageUrl","type":"image","label":"Brand Sharing Image (1200x630px)","scope":"CAMPAIGN","defaultScope":"campaign","value":"creative-root:///img/fb-1200x630.jpg","defaultValue":"creative-root:///img/fb-1200x630.jpg","visible":false},{"name":"brandTitle","type":"text","label":"Brand Title","scope":"CAMPAIGN","defaultScope":"campaign","value":"Get Our Gratitude","defaultValue":"Get Our Gratitude","tags":["TRANSLATABLE"],"visible":false},{"name":"brandDescription","type":"text","label":"Brand Sharing Description","scope":"CAMPAIGN","defaultScope":"campaign","value":"{{ companyName }} is great! Use my link and we both get rewarded.","defaultValue":"{{ companyName }} is great! Use my link and we both get rewarded.","tags":["TRANSLATABLE"],"visible":false},{"name":"brandImageAltText","type":"text","label":"Brand Image Alt Text","scope":"CAMPAIGN","defaultScope":"campaign","value":"{{ brandDescription }}","defaultValue":"{{ brandDescription }}","tags":["TRANSLATABLE"],"visible":false},{"name":"facebookType","type":"text","label":"Facebook Type","scope":"CAMPAIGN","defaultScope":"campaign","value":"website","defaultValue":"website","visible":false},{"name":"facebookAppId","type":"text","label":"Facebook App Id","scope":"CAMPAIGN","defaultScope":"campaign","value":"","defaultValue":"","visible":false},{"name":"twitterCardType","type":"text","label":"Twitter Card Type","scope":"CAMPAIGN","defaultScope":"campaign","value":"summary_large_image","defaultValue":"summary_large_image","visible":false},{"name":"twitterHandle","type":"text","label":"Twitter Handle","scope":"CAMPAIGN","defaultScope":"campaign","value":"@{{ companyName }}","defaultValue":"@{{ companyName }}","visible":false},{"name":"companyName","type":"text","label":"Company Name","scope":"CAMPAIGN","defaultScope":"campaign","value":"Your Company","defaultValue":"Your Company","tags":["TRANSLATABLE"],"visible":false},{"name":"companyUrl","type":"text","label":"Company URL","scope":"CAMPAIGN","defaultScope":"campaign","value":"https://www.yourcompany.com","defaultValue":"https://www.yourcompany.com","visible":false},{"name":"companyLogoUrl","type":"image","label":"Company Logo","scope":"CAMPAIGN","defaultScope":"campaign","value":"creative-root:///img/company-logo.png","defaultValue":"creative-root:///img/company-logo.png","visible":true},{"name":"logoImageWidth","type":"text","label":"Logo Image Width (px)","scope":"CAMPAIGN","defaultScope":"campaign","value":"150","defaultValue":"150","visible":true},{"name":"faviconUrl","type":"image","label":"Favicon (16x16)","scope":"CAMPAIGN","defaultScope":"campaign","value":"creative-root:///img/favicon.ico","defaultValue":"creative-root:///img/favicon.ico","visible":false},{"name":"backgroundImageUrl","type":"image","label":"Background Image (1366x800)","scope":"CREATIVE","defaultScope":"creative","value":"creative-root:///img/1366x800.jpg","defaultValue":"creative-root:///img/1366x800.jpg","visible":true},{"name":"backgroundImageWidth","type":"text","label":"Desktop Background Image Width","scope":"CREATIVE","defaultScope":"creative","value":"1366px","defaultValue":"1366px","visible":false},{"name":"backgroundImageHeight","type":"text","label":"Desktop Background Image Height","scope":"CREATIVE","defaultScope":"creative","value":"800px","defaultValue":"800px","visible":false},{"name":"mobileImageUrl","type":"image","label":"Mobile Image (768x400)","scope":"CREATIVE","defaultScope":"creative","value":"creative-root:///img/768x400.jpg","defaultValue":"creative-root:///img/768x400.jpg","visible":true},{"name":"denyFramingForCreativePages","type":"switch","label":"Deny Framing For Creative Pages","scope":"CAMPAIGN","defaultScope":"campaign","value":true,"defaultValue":true,"visible":false},{"name":"cookieConsentMessage","type":"text","label":"Cookie Consent Message","scope":"CREATIVE","defaultScope":"creative","value":"This website uses cookies to ensure you get the best referral experience.","defaultValue":"This website uses cookies to ensure you get the best referral experience.","tags":["TRANSLATABLE"],"visible":false},{"name":"cookieConsentButtonText","type":"text","label":"Cookie Consent Button Text","scope":"CREATIVE","defaultScope":"creative","value":"Got it!","defaultValue":"Got it!","tags":["TRANSLATABLE"],"visible":false},{"name":"cookieConsentBackgroundColor","type":"color","label":"Cookie Consent Background Color","scope":"CREATIVE","defaultScope":"creative","value":"rgba(0,0,0,.75)","defaultValue":"rgba(0,0,0,.75)","visible":false},{"name":"cookieConsentMessageTextColor","type":"color","label":"Cookie Consent Message Text Color","scope":"CREATIVE","defaultScope":"creative","value":"#ffffff","defaultValue":"#ffffff","visible":false},{"name":"accentColor","type":"color","label":"Accent Color","scope":"CAMPAIGN","defaultScope":"campaign","value":"#99cc66","defaultValue":"#99cc66","visible":false},{"name":"accentColorHover","type":"color","label":"Accent Color Hover","scope":"CAMPAIGN","defaultScope":"campaign","value":"#343434","defaultValue":"#343434","visible":false},{"name":"buttonBorderRadius","type":"text","label":"Button Radius","scope":"CAMPAIGN","defaultScope":"campaign","value":"4px","defaultValue":"4px","visible":false},{"name":"buttonTextColor","type":"color","label":"Button Text Color","scope":"CAMPAIGN","defaultScope":"campaign","value":"#FFFFFF","defaultValue":"#FFFFFF","visible":false},{"name":"failedCloseMessage","type":"text","label":"Window Failed to Close Message","scope":"CREATIVE","defaultScope":"creative","value":"Message sent, you can now close this window","defaultValue":"Message sent, you can now close this window","tags":["TRANSLATABLE"],"visible":true}]