[
{"name":"shareMessage",
"type":"text","label":"Share Message","scope":"CREATIVE","defaultScope":"creative","value":"Share message","defaultValue":"Share message","visible":true},


{"name":"item1",
"type":"text","label":"gift1","scope":"CREATIVE","defaultScope":"creative","value":"Playstation",
"defaultValue":"Playstation","visible":true},

{"name":"item2",
"type":"text","label":"gift2","scope":"CREATIVE","defaultScope":"creative","value":"iPhone",
"defaultValue":"iPhone","visible":true},

{"name":"item3",
"type":"text","label":"gift3","scope":"CREATIVE","defaultScope":"creative","value":"Tesla",
"defaultValue":"Tesla","visible":true},

{"name":"item4",
"type":"text","label":"gift4","scope":"CREATIVE","defaultScope":"creative","value":"jackrussel",
"defaultValue":"jackrussel","visible":true}

]
